requirement,domain,source,language,tags,total,final
The system must be fast,common,manually_written,en,VERIFICABILITY:0;ATOMICITY:2;AMBIGUITY:0;COMPLETNESS:0;TRACEABLE:0,2,defect
he system must respond to search queries in less than 1.5 seconds for 95% of requests under a load of 100 concurrent users,common,manually_written,en,VERIFIABILITY:2;ATOMICITY:2;AMBIGUITY:2;COMPLETENESS:2;TRACEABLE:0,8,ok
The system must allow users to register and delete accounts,common,manually_written,en,VERIFIABILITY:1;ATOMICITY:0;AMBIGUITY:1;COMPLETENESS:1;TRACEABLE:0,3,defect
The system must encrypt user passwords,common,manually_written,en,VERIFIABILITY:1;ATOMICITY:2;AMBIGUITY:1;COMPLETENESS:1;TRACEABLE:0,5,defect
The system must encrypt user passwords using bcrypt with a minimum work factor of 12 before storing them in the database,common,manually_written,en,VERIFIABILITY:2;ATOMICITY:2;AMBIGUITY:2;COMPLETENESS:2;TRACEABLE:0,8,ok
The system must be easy to use and also secure,common,manually_written,en,VERIFIABILITY:0;ATOMICITY:0;AMBIGUITY:0;COMPLETENESS:0;TRACEABLE:0,0,defect
When a registered user submits a payment. the system must generate a unique order number and send a confirmation email to the registered address within 30 seconds [UC-05 Stakeholder: customer],e-commerce,manually_written,en,VERIFIABILITY:2;ATOMICITY:1;AMBIGUITY:2;COMPLETENESS:2;TRACEABLE:2,9,ok
The system must handle errors,common,manually_written,en,VERIFIABILITY:0;ATOMICITY:1;AMBIGUITY:0;COMPLETENESS:0;TRACEABLE:0,1,defect
El sistema debe permitir a los distintos tipos de usuario registrarse ingresar a su cuenta y eliminar la misma,common,academic,es,VERIFIABILITY:1;ATOMICITY:0;AMBIGUITY:1;COMPLETENESS:1;TRACEABLE:1,4,defect
Los usuarios han de poder editar su perfil dentro de la plataforma teniendo en cuenta atributos como nombre número de teléfono foto de perfil,common,academic,es,VERIFIABILITY:1;ATOMICITY:1;AMBIGUITY:1;COMPLETENESS:1;TRACEABLE:1,5,defect
Los usuarios del sistema deben poder reingresar aun cuando hayan olvidado su contraseña permitiendo cambiarla por medio de una notificación al correo electrónico,common,academic,es,VERIFIABILITY:2;ATOMICITY:1;AMBIGUITY:1;COMPLETENESS:2;TRACEABLE:1,7,ok
El sistema debe permitir a los conductores ofertar viajes especificando la ruta horario vehículo y precio,carpooling,academic,es,VERIFIABILITY:2;ATOMICITY:1;AMBIGUITY:2;COMPLETENESS:2;TRACEABLE:1,8,ok
Los conductores deben poder eliminar el viaje ofertado y en caso de que el viaje tenga un cliente registrado este sea notificado,carpooling,academic,es,VERIFIABILITY:1;ATOMICITY:0;AMBIGUITY:1;COMPLETENESS:1;TRACEABLE:1,4,defect
Los viajes ofertados disponibles deben mostrarse a los diferentes tipos de usuarios en una sección de viajes,carpooling,academic,es,VERIFIABILITY:1;ATOMICITY:1;AMBIGUITY:1;COMPLETENESS:1;TRACEABLE:1,5,defect
El sistema debe permitir que los conductores decidan si aceptan o no el monto de pago ofrecido por un viaje especificado por el cliente,carpooling,academic,es,VERIFIABILITY:1;ATOMICITY:1;AMBIGUITY:1;COMPLETENESS:1;TRACEABLE:1,5,defect
Los clientes deben poder realizar el pago de un viaje,carpooling,academic,es,VERIFIABILITY:0;ATOMICITY:2;AMBIGUITY:1;COMPLETENESS:0;TRACEABLE:1,4,defect
Los conductores deben recibir una notificación push de pago una vez este sea efectuado,carpooling,academic,es,VERIFIABILITY:2;ATOMICITY:2;AMBIGUITY:2;COMPLETENESS:1;TRACEABLE:1,8,ok
El sistema debe permitir a los clientes dejar reseñas y calificación de un servicio de viaje,carpooling,academic,es,VERIFIABILITY:1;ATOMICITY:1;AMBIGUITY:1;COMPLETENESS:1;TRACEABLE:1,5,defect
El sistema debe recibir los comentarios realizados y comprobar que no tengan lenguaje inapropiado antes de publicarlos,common,academic,es,VERIFIABILITY:1;ATOMICITY:1;AMBIGUITY:0;COMPLETENESS:1;TRACEABLE:1,4,defect
El sistema debe permitir que los clientes reporten comentarios ofensivos de otros usuarios,common,academic,es,VERIFIABILITY:1;ATOMICITY:2;AMBIGUITY:1;COMPLETENESS:1;TRACEABLE:1,6,defect
El sistema debe permitir generar reportes de la aplicación para analizar el rendimiento y la actividad de la plataforma,common,academic,es,VERIFIABILITY:1;ATOMICITY:1;AMBIGUITY:0;COMPLETENESS:0;TRACEABLE:1,3,defect
El sistema debe permitir a los clientes consultar el estado del vehículo que oferta un viaje,carpooling,academic,es,VERIFIABILITY:1;ATOMICITY:2;AMBIGUITY:1;COMPLETENESS:1;TRACEABLE:1,6,defect
El sistema debe permitir que el cliente vea la ubicación en tiempo real del vehículo en el que se hará el viaje antes de comenzar el trayectocarpooling,academic,,es,VERIFIABILITY:1;ATOMICITY:1;AMBIGUITY:0;COMPLETENESS:1;TRACEABLE:1,4,defect
El sistema debe permitir que el cliente realice una denuncia en caso de tener altercados o un servicio mal prestado de parte del conductor,carpooling,academic,es,VERIFIABILITY:1;ATOMICITY:1;AMBIGUITY:1;COMPLETENESS:1;TRACEABLE:1,5,defect
El cliente podrá reservar una cita seleccionando servicio proveedor fecha y franja horaria,booking_system,academic,es,VERIFIABILITY:2;ATOMICITY:2;AMBIGUITY:2;COMPLETENESS:2;TRACEABLE:1,9,ok
La interfaz muestra la disponibilidad real del proveedor considerando plan de trabajo descansos bloqueos y reservas existentes,booking_system,academic,es,VERIFIABILITY:2;ATOMICITY:1;AMBIGUITY:1;COMPLETENESS:2;TRACEABLE:1,7,ok
Criterio de aceptación: calendario sólo muestra franjas válidas; al intentar reservar la disponibilidad se revalida en tiempo real,booking_system,academic,es,VERIFIABILITY:2;ATOMICITY:1;AMBIGUITY:1;COMPLETENESS:2;TRACEABLE:2,8,ok
Toda petición de reserva pasa por validaciones: bloqueo por conflicto mínimo tiempo de antelación ventana máxima de reserva y reglas de no-disponibilidad,booking_system,academic,es,VERIFIABILITY:2;ATOMICITY:1;AMBIGUITY:1;COMPLETENESS:2;TRACEABLE:1,7,ok
Cliente proveedor o administrador pueden cambiar fecha/hora/proveedor/servicio de una cita existente,booking_system,academic,es,VERIFIABILITY:1;ATOMICITY:1;AMBIGUITY:1;COMPLETENESS:1;TRACEABLE:1,5,defect
Cliente proveedor o admin pueden cancelar una cita con motivo opcional; la franja se libera para nuevas reservas según reglas,booking_system,academic,es,VERIFIABILITY:2;ATOMICITY:1;AMBIGUITY:1;COMPLETENESS:2;TRACEABLE:1,7,ok
Página de detalle que muestra: cliente servicio proveedor duración precio estado historial de cambios y acciones disponibles según rol,booking_system,academic,es,VERIFIABILITY:2;ATOMICITY:1;AMBIGUITY:1;COMPLETENESS:2;TRACEABLE:1,7,ok
Proveedor/administrador pueden ver calendarios en vistas diaria semanal y mensual; citas codificadas por color; filtros por servicio/proveedor/estado; opción de exportar/imprimir la vista,booking_system,academic,es,VERIFIABILITY:2;ATOMICITY:0;AMBIGUITY:1;COMPLETENESS:2;TRACEABLE:1,6,defect
Proveedor o administrador pueden registrar un plan de trabajo indicando días horarios y reglas de atención,booking_system,academic,es,VERIFIABILITY:2;ATOMICITY:2;AMBIGUITY:2;COMPLETENESS:2;TRACEABLE:1,9,ok
Proveedor o administrador pueden visualizar los planes de trabajo configurados,booking_system,academic,es,VERIFIABILITY:2;ATOMICITY:2;AMBIGUITY:2;COMPLETENESS:1;TRACEABLE:1,8,ok
Proveedor o administrador pueden modificar un plan de trabajo existente (horarios descansos o parámetros),booking_system,academic,es,VERIFIABILITY:2;ATOMICITY:2;AMBIGUITY:1;COMPLETENESS:2;TRACEABLE:1,8,ok
Proveedor o administrador pueden eliminar un plan de trabajo existente,booking_system,academic,es,VERIFIABILITY:2;ATOMICITY:2;AMBIGUITY:2;COMPLETENESS:1;TRACEABLE:1,8,ok
Administrador puede crear/leer/actualizar/eliminar servicios (nombre duración precio categoría),booking_system,academic,es,VERIFIABILITY:2;ATOMICITY:0;AMBIGUITY:1;COMPLETENESS:2;TRACEABLE:1,6,defect
Proveedor o administrador pueden registrar bloqueos de agenda para indicar periodos en los que no se atenderán citas,booking_system,academic,es,VERIFIABILITY:2;ATOMICITY:2;AMBIGUITY:2;COMPLETENESS:2;TRACEABLE:1,9,ok
Proveedor o administrador pueden eliminar bloqueos de agenda previamente registrados,booking_system,academic,es,VERIFIABILITY:2;ATOMICITY:2;AMBIGUITY:2;COMPLETENESS:1;TRACEABLE:1,8,ok
El administrador puede registrar un nuevo servicio indicando nombre duración precio y categoría,booking_system,academic,es,VERIFIABILITY:2;ATOMICITY:2;AMBIGUITY:2;COMPLETENESS:2;TRACEABLE:1,9,ok
Los usuarios pueden visualizar la lista de servicios disponibles,booking_system,academic,es,VERIFIABILITY:2;ATOMICITY:2;AMBIGUITY:2;COMPLETENESS:1;TRACEABLE:1,8,ok
El administrador puede modificar la información de un servicio existente,booking_system,academic,es,VERIFIABILITY:2;ATOMICITY:2;AMBIGUITY:2;COMPLETENESS:1;TRACEABLE:1,8,ok
El administrador puede eliminar un servicio del sistema,booking_system,academic,es,VERIFIABILITY:2;ATOMICITY:2;AMBIGUITY:2;COMPLETENESS:1;TRACEABLE:1,8,ok
El administrador puede registrar un nuevo proveedor con su información básica y servicios asignados,booking_system,academic,es,VERIFIABILITY:2;ATOMICITY:2;AMBIGUITY:2;COMPLETENESS:2;TRACEABLE:1,9,ok
Los usuarios pueden visualizar la lista de proveedores disponibles,booking_system,academic,es,VERIFIABILITY:2;ATOMICITY:2;AMBIGUITY:2;COMPLETENESS:1;TRACEABLE:1,8,ok
El administrador puede modificar la información de un proveedor existente incluyendo perfil y servicios asociados,booking_system,academic,es,VERIFIABILITY:2;ATOMICITY:2;AMBIGUITY:1;COMPLETENESS:2;TRACEABLE:1,8,ok
El administrador puede desactivar o eliminar un proveedor del sistema,booking_system,academic,es,VERIFIABILITY:2;ATOMICITY:1;AMBIGUITY:1;COMPLETENESS:1;TRACEABLE:1,6,defect
El sistema debe permitir que cada proveedor puede activar o desactivar la sincronización de su agenda con Google Calendar. Las citas se sincronizan en ambas direcciones de manera automática asegurando que no se produzcan conflictos ni reservas duplicadas (overbooking),booking_system,academic,es,VERIFIABILITY:1;ATOMICITY:0;AMBIGUITY:1;COMPLETENESS:2;TRACEABLE:1,5,defect
El sistema debe envíar correos (confirmación reprogramación cancelación recordatorios)con plantillas configurables; posibilidad de desactivar notificaciones por tipo,booking_system,academic,es,VERIFIABILITY:2;ATOMICITY:0;AMBIGUITY:1;COMPLETENESS:2;TRACEABLE:1,6,defect
El sistema debe permitir que los administradores pueden exportar listas de citas disponibilidad y logs (CSV/ICS/PDF) y generar reportes básicos (ocupación por proveedor/servicio),booking_system,academic,es,VERIFIABILITY:2;ATOMICITY:0;AMBIGUITY:1;COMPLETENESS:2;TRACEABLE:1,6,defect
Debe permitir el uso de una estructura de clasificación de la información.,document_management,professor_example,es,VERIFIABILITY:1;ATOMICITY:2;AMBIGUITY:1;COMPLETENESS:1;TRACEABLE:1,6,defect
Debe permitir la definición de una estructura de clasificación de la información en el que los documentos se puedan representar en jerarquías como mínimo en tres niveles.,document_management,professor_example,es,VERIFIABILITY:2;ATOMICITY:2;AMBIGUITY:2;COMPLETENESS:2;TRACEABLE:1,9,ok
Debe permitir restringir el número de niveles de la estructura de clasificación de la información.,document_management,professor_example,es,VERIFIABILITY:2;ATOMICITY:2;AMBIGUITY:2;COMPLETENESS:1;TRACEABLE:1,8,ok
Debe permitir definir mecanismos de asignación de nombres a los diferentes niveles de la estructura de clasificación de la información.,document_management,professor_example,es,VERIFIABILITY:1;ATOMICITY:1;AMBIGUITY:1;COMPLETENESS:1;TRACEABLE:1,5,defect
Debe permitir que los usuarios administradores o quienes tengan asignados los permisos correspondientes puedan crear nuevos niveles dentro de la estructura de clasificación.,document_management,professor_example,es,VERIFIABILITY:2;ATOMICITY:2;AMBIGUITY:1;COMPLETENESS:2;TRACEABLE:1,8,ok
Debe poseer una interfaz gráfica que permita la navegación selección recuperación y presentación de los documentos y de la estructura de clasificación de la información.,document_management,professor_example,es,VERIFIABILITY:1;ATOMICITY:0;AMBIGUITY:1;COMPLETENESS:1;TRACEABLE:1,4,defect
Debe permitir la reubicación de una carpeta o documento a un lugar distinto dentro de la estructura de clasificación.,document_management,professor_example,es,VERIFIABILITY:2;ATOMICITY:2;AMBIGUITY:2;COMPLETENESS:1;TRACEABLE:1,8,ok
Debe permitir luego de la reubicación garantizar que se mantengan los metadatos y demás atributos.,document_management,professor_example,es,VERIFIABILITY:1;ATOMICITY:1;AMBIGUITY:1;COMPLETENESS:2;TRACEABLE:1,6,defect
Debe permitir a los usuarios administradores trasladar partes de la estructura de clasificación.,document_management,professor_example,es,VERIFIABILITY:2;ATOMICITY:2;AMBIGUITY:2;COMPLETENESS:1;TRACEABLE:1,8,ok
Debe permitir registrar en la pista de auditoría cuando se realice la reubicación de una carpeta o documento.,document_management,professor_example,es,VERIFIABILITY:2;ATOMICITY:2;AMBIGUITY:2;COMPLETENESS:2;TRACEABLE:2,10,ok
Debe permitir el registro de las razones por las que se realiza la reubicación de cualquier elemento de la estructura de clasificación y almacenarlo como un metadato.,document_management,professor_example,es,VERIFIABILITY:2;ATOMICITY:1;AMBIGUITY:1;COMPLETENESS:2;TRACEABLE:2,8,ok
Debe permitir que un documento pueda estar ubicado en diferentes partes de la estructura de clasificación sin duplicación del documento.,document_management,professor_example,es,VERIFIABILITY:2;ATOMICITY:2;AMBIGUITY:1;COMPLETENESS:2;TRACEABLE:1,8,ok
Debe permitir imponer limitación sobre el número de metadatos estimados sobre los documentos carpetas o subcarpetas.,document_management,professor_example,es,VERIFIABILITY:1;ATOMICITY:1;AMBIGUITY:0;COMPLETENESS:1;TRACEABLE:1,4,defect
Debe permitir definir varios conjuntos de elementos de metadatos adecuados para distintos niveles dentro de la estructura de clasificación.,document_management,professor_example,es,VERIFIABILITY:2;ATOMICITY:1;AMBIGUITY:1;COMPLETENESS:2;TRACEABLE:1,7,ok
Debe permitir que el administrador decida cuáles elementos de metadatos son obligatorios opcionales o de búsqueda.,document_management,professor_example,es,VERIFIABILITY:2;ATOMICITY:1;AMBIGUITY:1;COMPLETENESS:2;TRACEABLE:1,7,ok
Debe permitir estructuras de metadatos normalizados como Dublin Core.,document_management,professor_example,es,VERIFIABILITY:2;ATOMICITY:2;AMBIGUITY:2;COMPLETENESS:2;TRACEABLE:2,10,ok
Debe permitir estructuras de metadatos normalizados como ISAD G.,document_management,professor_example,es,VERIFIABILITY:2;ATOMICITY:2;AMBIGUITY:2;COMPLETENESS:2;TRACEABLE:2,10,ok
Debe permitir estructuras de metadatos normalizados como ISDIAH.,document_management,professor_example,es,VERIFIABILITY:2;ATOMICITY:2;AMBIGUITY:2;COMPLETENESS:2;TRACEABLE:2,10,ok
Debe permitir la extracción automática de metadatos de los documentos al momento de la carga al sistema.,document_management,professor_example,es,VERIFIABILITY:2;ATOMICITY:2;AMBIGUITY:2;COMPLETENESS:2;TRACEABLE:1,9,ok
Debe permitir que el administrador defina qué elementos de metadatos se introducen manualmente y cuáles mediante listas desplegables.,document_management,professor_example,es,VERIFIABILITY:2;ATOMICITY:1;AMBIGUITY:1;COMPLETENESS:2;TRACEABLE:1,7,ok
Debe permitir que los metadatos se hereden automáticamente a niveles inferiores de carpetas y subcarpetas.,document_management,professor_example,es,VERIFIABILITY:2;ATOMICITY:2;AMBIGUITY:1;COMPLETENESS:2;TRACEABLE:1,8,ok
Debe permitir obtener los valores de los metadatos a partir de tablas de referencia o llamadas a otras aplicaciones.,document_management,professor_example,es,VERIFIABILITY:1;ATOMICITY:1;AMBIGUITY:1;COMPLETENESS:1;TRACEABLE:1,5,defect
Debe permitir la validación de elementos de metadatos mediante algoritmos de verificación.,document_management,professor_example,es,VERIFIABILITY:2;ATOMICITY:2;AMBIGUITY:1;COMPLETENESS:2;TRACEABLE:1,8,ok
Debe permitir que cualquier elemento de metadatos se utilice como campo en búsquedas no estructuradas.,document_management,professor_example,es,VERIFIABILITY:2;ATOMICITY:2;AMBIGUITY:2;COMPLETENESS:2;TRACEABLE:1,9,ok
El sistema debe permitir búsquedas por fechas cuando el metadato esté almacenado en formato fecha.,document_management,professor_example,es,VERIFIABILITY:2;ATOMICITY:2;AMBIGUITY:2;COMPLETENESS:2;TRACEABLE:1,9,ok
El sistema debe permitir búsquedas por valores numéricos cuando el metadato esté almacenado en formato numérico.,document_management,professor_example,es,VERIFIABILITY:2;ATOMICITY:2;AMBIGUITY:2;COMPLETENESS:2;TRACEABLE:1,9,ok
El sistema debe permitir búsquedas por valores alfanuméricos cuando el metadato esté almacenado en formato alfanumérico.,document_management,professor_example,es,VERIFIABILITY:2;ATOMICITY:2;AMBIGUITY:2;COMPLETENESS:2;TRACEABLE:1,9,ok
El sistema debe permitir búsquedas por valores alfabéticos cuando el metadato esté almacenado en formato alfabético.,document_management,professor_example,es,VERIFIABILITY:2;ATOMICITY:2;AMBIGUITY:2;COMPLETENESS:2;TRACEABLE:1,9,ok
Debe permitir restringir la capacidad de modificar los valores de los metadatos.,document_management,professor_example,es,VERIFIABILITY:2;ATOMICITY:2;AMBIGUITY:1;COMPLETENESS:1;TRACEABLE:1,7,ok
Debe permitir adquirir metadatos creados por el software que crea el documento.,document_management,professor_example,es,VERIFIABILITY:1;ATOMICITY:2;AMBIGUITY:1;COMPLETENESS:1;TRACEABLE:1,6,defect
Debe permitir adquirir metadatos creados por el usuario en el momento de la carga del documento.,document_management,professor_example,es,VERIFIABILITY:2;ATOMICITY:2;AMBIGUITY:1;COMPLETENESS:2;TRACEABLE:1,8,ok
El sistema debe permitir la creación de metadatos según ISO 23081 y la Guía de expediente electrónico.,document_management,professor_example,es,VERIFIABILITY:2;ATOMICITY:1;AMBIGUITY:1;COMPLETENESS:2;TRACEABLE:2,8,ok
El sistema debe permitir la creación de formatos de metadatos alfabético alfanumérico numérico fecha y lógico.,document_management,professor_example,es,VERIFIABILITY:2;ATOMICITY:1;AMBIGUITY:1;COMPLETENESS:2;TRACEABLE:1,7,ok
Debe permitir agregar metadatos personalizados propios del negocio.,document_management,professor_example,es,VERIFIABILITY:1;ATOMICITY:2;AMBIGUITY:1;COMPLETENESS:1;TRACEABLE:1,6,defect
El sistema debe validar y controlar la entrada de los metadatos mínimos obligatorios.,document_management,professor_example,es,VERIFIABILITY:2;ATOMICITY:2;AMBIGUITY:2;COMPLETENESS:2;TRACEABLE:1,9,ok
Debe permitir la asignación de un identificador único para carpetas y documentos parametrizable por el administrador.,document_management,professor_example,es,VERIFIABILITY:2;ATOMICITY:2;AMBIGUITY:1;COMPLETENESS:2;TRACEABLE:1,8,ok
Debe permitir manejar un mecanismo que asigne texto como título a carpetas y documentos.,document_management,professor_example,es,VERIFIABILITY:1;ATOMICITY:1;AMBIGUITY:1;COMPLETENESS:1;TRACEABLE:1,5,defect
Debe permitir grabar la fecha de creación de una carpeta o documento e incluirla en los metadatos.,document_management,professor_example,es,VERIFIABILITY:2;ATOMICITY:2;AMBIGUITY:2;COMPLETENESS:2;TRACEABLE:1,9,ok
Siempre que se cree una carpeta o documento debe incluir automáticamente metadatos relacionados con su posición en la estructura.,document_management,professor_example,es,VERIFIABILITY:2;ATOMICITY:1;AMBIGUITY:1;COMPLETENESS:2;TRACEABLE:1,7,ok
Debe permitir crear expedientes en el sistema a administradores o usuarios con privilegios.,document_management,professor_example,es,VERIFIABILITY:2;ATOMICITY:2;AMBIGUITY:1;COMPLETENESS:2;TRACEABLE:1,8,ok
Los expedientes electrónicos deben crearse vinculando la TRD correspondiente.,document_management,professor_example,es,VERIFIABILITY:2;ATOMICITY:2;AMBIGUITY:1;COMPLETENESS:2;TRACEABLE:2,9,ok
El expediente electrónico debe permitir elegir un usuario responsable y un título.,document_management,professor_example,es,VERIFIABILITY:2;ATOMICITY:2;AMBIGUITY:2;COMPLETENESS:2;TRACEABLE:1,9,ok
Los expedientes deben tener vinculados tipos documentales obligatorios y opcionales.,document_management,professor_example,es,VERIFIABILITY:2;ATOMICITY:1;AMBIGUITY:1;COMPLETENESS:2;TRACEABLE:1,7,ok
El sistema debe permitir parametrizar el tiempo de vencimiento de préstamos documentales.,document_management,professor_example,es,VERIFIABILITY:2;ATOMICITY:2;AMBIGUITY:2;COMPLETENESS:2;TRACEABLE:1,9,ok
El sistema debe permitir agregar documentos electrónicos a expedientes electrónicos vinculándolos a un tipo documental.,document_management,professor_example,es,VERIFIABILITY:2;ATOMICITY:1;AMBIGUITY:1;COMPLETENESS:2;TRACEABLE:1,7,ok
Los documentos del expediente heredan tiempos de conservación establecidos en la TRD.,document_management,professor_example,es,VERIFIABILITY:2;ATOMICITY:2;AMBIGUITY:1;COMPLETENESS:2;TRACEABLE:2,9,ok
El sistema debe permitir establecer niveles de seguridad del expediente abierto o confidencial.,document_management,professor_example,es,VERIFIABILITY:2;ATOMICITY:2;AMBIGUITY:1;COMPLETENESS:2;TRACEABLE:1,8,ok
El nivel confidencial debe permitir elegir usuarios con acceso y tipo de acceso.,document_management,professor_example,es,VERIFIABILITY:2;ATOMICITY:1;AMBIGUITY:1;COMPLETENESS:2;TRACEABLE:1,7,ok
El sistema debe permitir agregar documentos provenientes de otros expedientes sin duplicidad.,document_management,professor_example,es,VERIFIABILITY:2;ATOMICITY:2;AMBIGUITY:1;COMPLETENESS:2;TRACEABLE:1,8,ok
Cuando se cargue un documento el sistema debe otorgarle un número único de identificación.,document_management,professor_example,es,VERIFIABILITY:2;ATOMICITY:2;AMBIGUITY:2;COMPLETENESS:2;TRACEABLE:1,9,ok
Debe permitir incorporar documentos electrónicos en diferentes formatos.,document_management,professor_example,es,VERIFIABILITY:1;ATOMICITY:2;AMBIGUITY:1;COMPLETENESS:1;TRACEABLE:1,6,defect
El sistema debe permitir crear entradas múltiples para un documento electrónico sin duplicación física.,document_management,professor_example,es,VERIFIABILITY:2;ATOMICITY:2;AMBIGUITY:1;COMPLETENESS:2;TRACEABLE:1,8,ok
Todas las acciones efectuadas sobre el expediente deben registrarse en un historial de eventos.,document_management,professor_example,es,VERIFIABILITY:2;ATOMICITY:2;AMBIGUITY:2;COMPLETENESS:2;TRACEABLE:2,10,ok
El historial de eventos debe permitir exportarse en PDF.,document_management,professor_example,es,VERIFIABILITY:2;ATOMICITY:2;AMBIGUITY:2;COMPLETENESS:2;TRACEABLE:1,9,ok
El sistema debe permitir generar índice electrónico del expediente.,document_management,professor_example,es,VERIFIABILITY:2;ATOMICITY:2;AMBIGUITY:1;COMPLETENESS:2;TRACEABLE:2,9,ok
El índice electrónico debe permitir exportarse a XML.,document_management,professor_example,es,VERIFIABILITY:2;ATOMICITY:2;AMBIGUITY:2;COMPLETENESS:2;TRACEABLE:1,9,ok
El sistema debe permitir incorporar firma electrónica para generar el índice del expediente.,document_management,professor_example,es,VERIFIABILITY:2;ATOMICITY:2;AMBIGUITY:1;COMPLETENESS:2;TRACEABLE:2,9,ok
El sistema debe permitir múltiples firmas electrónicas o digitales en documentos electrónicos.,document_management,professor_example,es,VERIFIABILITY:2;ATOMICITY:2;AMBIGUITY:2;COMPLETENESS:2;TRACEABLE:1,9,ok
El sistema debe permitir generar documentos PDF A a partir de documentos ofimáticos.,document_management,professor_example,es,VERIFIABILITY:2;ATOMICITY:2;AMBIGUITY:2;COMPLETENESS:2;TRACEABLE:1,9,ok
Permite declarar automáticamente un contenido existente como documento de archivo.,document_management,professor_example,es,VERIFIABILITY:1;ATOMICITY:2;AMBIGUITY:1;COMPLETENESS:1;TRACEABLE:1,6,defect
Permite administrar todas las fases de archivo desde su creación hasta su disposición final.,document_management,professor_example,es,VERIFIABILITY:1;ATOMICITY:0;AMBIGUITY:1;COMPLETENESS:1;TRACEABLE:1,4,defect
Los usuarios deben poder acceder a expedientes autorizados a través de una interfaz común.,document_management,professor_example,es,VERIFIABILITY:1;ATOMICITY:1;AMBIGUITY:1;COMPLETENESS:1;TRACEABLE:1,5,defect
Permite hacer transferencias entre las diferentes fases de archivo manual y automáticamente.,document_management,professor_example,es,VERIFIABILITY:1;ATOMICITY:1;AMBIGUITY:1;COMPLETENESS:1;TRACEABLE:1,5,defect
Permite generar reportes de expedientes que han cumplido tiempo de retención.,document_management,professor_example,es,VERIFIABILITY:2;ATOMICITY:2;AMBIGUITY:1;COMPLETENESS:2;TRACEABLE:1,8,ok
Permite migrar documentos de archivo a otros sistemas garantizando fidelidad e integridad.,document_management,professor_example,es,VERIFIABILITY:1;ATOMICITY:1;AMBIGUITY:1;COMPLETENESS:2;TRACEABLE:1,6,defect
Permite la parametrización de las TRD.,document_management,professor_example,es,VERIFIABILITY:1;ATOMICITY:2;AMBIGUITY:1;COMPLETENESS:1;TRACEABLE:1,6,defect
Permite la actualización de las TRD.,document_management,professor_example,es,VERIFIABILITY:2;ATOMICITY:2;AMBIGUITY:2;COMPLETENESS:1;TRACEABLE:1,8,ok
Permite almacenar las versiones de las TRD.,document_management,professor_example,es,VERIFIABILITY:2;ATOMICITY:2;AMBIGUITY:2;COMPLETENESS:1;TRACEABLE:1,8,ok
Permite ajustar los tiempos de retención.,document_management,professor_example,es,VERIFIABILITY:2;ATOMICITY:2;AMBIGUITY:1;COMPLETENESS:1;TRACEABLE:1,7,ok
Permite generar alertas al aproximarse la finalización del tiempo de retención.,document_management,professor_example,es,VERIFIABILITY:2;ATOMICITY:2;AMBIGUITY:1;COMPLETENESS:2;TRACEABLE:1,8,ok
Permite importar y exportar TRD.,document_management,professor_example,es,VERIFIABILITY:2;ATOMICITY:2;AMBIGUITY:2;COMPLETENESS:1;TRACEABLE:1,8,ok
El sistema no debe restringir la cantidad de niveles de jerarquías para crear las TRD.,document_management,professor_example,es,VERIFIABILITY:2;ATOMICITY:2;AMBIGUITY:1;COMPLETENESS:2;TRACEABLE:1,8,ok
El sistema debe garantizar que los documentos capturados se asocien a una TRD configurada.,document_management,professor_example,es,VERIFIABILITY:2;ATOMICITY:2;AMBIGUITY:1;COMPLETENESS:2;TRACEABLE:2,9,ok
Permite búsqueda de texto completo sobre documentos almacenados en el sistema.,document_management,professor_example,es,VERIFIABILITY:2;ATOMICITY:2;AMBIGUITY:2;COMPLETENESS:2;TRACEABLE:1,9,ok
Permite que el usuario especifique la búsqueda con combinaciones de metadatos y contenidos.,document_management,professor_example,es,VERIFIABILITY:2;ATOMICITY:2;AMBIGUITY:1;COMPLETENESS:2;TRACEABLE:1,8,ok
Permite la búsqueda de texto libre y metadatos de forma integrada.,document_management,professor_example,es,VERIFIABILITY:2;ATOMICITY:2;AMBIGUITY:1;COMPLETENESS:2;TRACEABLE:1,8,ok
Permite búsqueda por proximidad.,document_management,professor_example,es,VERIFIABILITY:1;ATOMICITY:2;AMBIGUITY:1;COMPLETENESS:1;TRACEABLE:1,6,defect
Permite la búsqueda dentro de un documento independientemente del nivel de la estructura.,document_management,professor_example,es,VERIFIABILITY:2;ATOMICITY:2;AMBIGUITY:1;COMPLETENESS:2;TRACEABLE:1,8,ok
Permite mostrar el número total de resultados de una búsqueda y refinar criterios.,document_management,professor_example,es,VERIFIABILITY:2;ATOMICITY:1;AMBIGUITY:1;COMPLETENESS:2;TRACEABLE:1,7,ok
Permite que en resultados de búsqueda se presenten únicamente carpetas y documentos autorizados.,document_management,professor_example,es,VERIFIABILITY:2;ATOMICITY:2;AMBIGUITY:1;COMPLETENESS:2;TRACEABLE:2,9,ok
Permite grabar y reutilizar búsquedas.,document_management,professor_example,es,VERIFIABILITY:2;ATOMICITY:2;AMBIGUITY:2;COMPLETENESS:1;TRACEABLE:1,8,ok
Permite restringir resultados de búsqueda por intervalos de tiempo.,document_management,professor_example,es,VERIFIABILITY:2;ATOMICITY:2;AMBIGUITY:2;COMPLETENESS:1;TRACEABLE:1,8,ok
Permite clasificación de resultados según pertinencia relevancia fechas nombre autor y otros criterios.,document_management,professor_example,es,VERIFIABILITY:1;ATOMICITY:1;AMBIGUITY:1;COMPLETENESS:2;TRACEABLE:1,6,defect
Permite que ninguna función de búsqueda revele información restringida por permisos.,document_management,professor_example,es,VERIFIABILITY:2;ATOMICITY:2;AMBIGUITY:1;COMPLETENESS:2;TRACEABLE:2,9,ok
Permite contar con una barra de búsqueda para ubicar documentos por palabras o términos.,document_management,professor_example,es,VERIFIABILITY:2;ATOMICITY:2;AMBIGUITY:2;COMPLETENESS:1;TRACEABLE:1,8,ok
Permite mostrar documentos recuperados mediante una búsqueda.,document_management,professor_example,es,VERIFIABILITY:2;ATOMICITY:2;AMBIGUITY:1;COMPLETENESS:1;TRACEABLE:1,7,ok
Permite mostrar los metadatos asociados a documentos recuperados mediante búsqueda.,document_management,professor_example,es,VERIFIABILITY:2;ATOMICITY:2;AMBIGUITY:2;COMPLETENESS:1;TRACEABLE:1,8,ok
Permite la previsualización de documentos sin descarga.,document_management,professor_example,es,VERIFIABILITY:2;ATOMICITY:2;AMBIGUITY:2;COMPLETENESS:1;TRACEABLE:1,8,ok
El sistema debe permitir el escaneo distribuido mediante web.,document_management,professor_example,es,VERIFIABILITY:2;ATOMICITY:2;AMBIGUITY:1;COMPLETENESS:2;TRACEABLE:1,8,ok
El sistema debe permitir reemplazo de documentos digitalizados por error humano.,document_management,professor_example,es,VERIFIABILITY:2;ATOMICITY:2;AMBIGUITY:1;COMPLETENESS:2;TRACEABLE:1,8,ok
Permite recuperar visualizar y reconfigurar parámetros del sistema.,document_management,professor_example,es,VERIFIABILITY:1;ATOMICITY:0;AMBIGUITY:1;COMPLETENESS:1;TRACEABLE:1,4,defect
Permite restaurar el sistema a partir de copias y pista de auditoría.,document_management,professor_example,es,VERIFIABILITY:2;ATOMICITY:2;AMBIGUITY:1;COMPLETENESS:2;TRACEABLE:2,9,ok
Permite supervisar el espacio de almacenamiento y avisar administradores.,document_management,professor_example,es,VERIFIABILITY:2;ATOMICITY:2;AMBIGUITY:1;COMPLETENESS:2;TRACEABLE:1,8,ok
Permite definir perfiles de usuarios y asignar varios usuarios por perfil.,document_management,professor_example,es,VERIFIABILITY:2;ATOMICITY:2;AMBIGUITY:2;COMPLETENESS:1;TRACEABLE:1,8,ok
Permite elaborar informes sobre número de documentos y carpetas.,document_management,professor_example,es,VERIFIABILITY:2;ATOMICITY:2;AMBIGUITY:1;COMPLETENESS:1;TRACEABLE:1,7,ok
Permite elaborar informes sobre actividades de cada usuario.,document_management,professor_example,es,VERIFIABILITY:2;ATOMICITY:2;AMBIGUITY:1;COMPLETENESS:1;TRACEABLE:1,7,ok
Permite parametrizar indicadores y metas de productividad.,document_management,professor_example,es,VERIFIABILITY:1;ATOMICITY:1;AMBIGUITY:1;COMPLETENESS:1;TRACEABLE:1,5,defect
Permite generar alertas cuando indicadores estén fuera de rango.,document_management,professor_example,es,VERIFIABILITY:2;ATOMICITY:2;AMBIGUITY:1;COMPLETENESS:2;TRACEABLE:1,8,ok
Permite tener un tablero de control del estado del proceso.,document_management,professor_example,es,VERIFIABILITY:1;ATOMICITY:1;AMBIGUITY:1;COMPLETENESS:1;TRACEABLE:1,5,defect
El sistema debe ofrecer funcionalidad para solicitar préstamo electrónico y físico de expedientes.,document_management,professor_example,es,VERIFIABILITY:2;ATOMICITY:2;AMBIGUITY:1;COMPLETENESS:2;TRACEABLE:1,8,ok
Los préstamos solicitados deben permitir ser aceptados o rechazados.,document_management,professor_example,es,VERIFIABILITY:2;ATOMICITY:2;AMBIGUITY:2;COMPLETENESS:1;TRACEABLE:1,8,ok
El sistema debe presentar reportes de expedientes en préstamo solicitados devueltos y rechazados.,document_management,professor_example,es,VERIFIABILITY:2;ATOMICITY:1;AMBIGUITY:1;COMPLETENESS:2;TRACEABLE:1,7,ok
El sistema debe monitorear el tiempo de conservación de expedientes electrónicos.,document_management,professor_example,es,VERIFIABILITY:2;ATOMICITY:2;AMBIGUITY:1;COMPLETENESS:2;TRACEABLE:2,9,ok
El sistema debe permitir exportar el inventario documental a Excel.,document_management,professor_example,es,VERIFIABILITY:2;ATOMICITY:2;AMBIGUITY:2;COMPLETENESS:1;TRACEABLE:1,8,ok
El sistema debe generar un acta de transferencia con número fecha y expedientes transferidos.,document_management,professor_example,es,VERIFIABILITY:2;ATOMICITY:2;AMBIGUITY:2;COMPLETENESS:2;TRACEABLE:2,10,ok
El sistema debe evitar eliminar expedientes salvo procedimientos auditados.,document_management,professor_example,es,VERIFIABILITY:2;ATOMICITY:1;AMBIGUITY:1;COMPLETENESS:2;TRACEABLE:2,8,ok
El expediente electrónico debe permitir empaquetado en archivo ZIP con XML y documentos.,document_management,professor_example,es,VERIFIABILITY:2;ATOMICITY:2;AMBIGUITY:1;COMPLETENESS:2;TRACEABLE:1,8,ok
El sistema debe permitir enviar documentos a usuarios manteniendo una sola versión.,document_management,professor_example,es,VERIFIABILITY:2;ATOMICITY:1;AMBIGUITY:1;COMPLETENESS:2;TRACEABLE:1,7,ok
Las plantillas deben contar con un buscador para recuperación.,document_management,professor_example,es,VERIFIABILITY:2;ATOMICITY:2;AMBIGUITY:2;COMPLETENESS:1;TRACEABLE:1,8,ok
El sistema debe cumplir con el Acuerdo 060 de 2001.,document_management,professor_example,es,VERIFIABILITY:1;ATOMICITY:2;AMBIGUITY:0;COMPLETENESS:0;TRACEABLE:2,5,defect
El sistema debe permitir asignación simple y múltiple de radicados de entrada.,document_management,professor_example,es,VERIFIABILITY:2;ATOMICITY:2;AMBIGUITY:1;COMPLETENESS:2;TRACEABLE:1,8,ok
El sistema debe permitir impresión de rótulos con códigos de barras fecha hora y usuario radicador.,document_management,professor_example,es,VERIFIABILITY:2;ATOMICITY:1;AMBIGUITY:1;COMPLETENESS:2;TRACEABLE:1,7,ok
El sistema debe contar con un módulo web para generación de PQRS.,document_management,professor_example,es,VERIFIABILITY:2;ATOMICITY:2;AMBIGUITY:1;COMPLETENESS:2;TRACEABLE:1,8,ok
El sistema debe permitir validación de correo electrónico del ciudadano.,document_management,professor_example,es,VERIFIABILITY:2;ATOMICITY:2;AMBIGUITY:2;COMPLETENESS:1;TRACEABLE:1,8,ok
El sistema debe permitir formulación de PQRS anónimas.,document_management,professor_example,es,VERIFIABILITY:2;ATOMICITY:2;AMBIGUITY:2;COMPLETENESS:1;TRACEABLE:1,8,ok
El ciudadano debe contar con un módulo para consultar respuestas emitidas.,document_management,professor_example,es,VERIFIABILITY:2;ATOMICITY:2;AMBIGUITY:1;COMPLETENESS:2;TRACEABLE:1,8,ok
El sistema debe permitir reasignar un radicado o PQRS a otro usuario.,document_management,professor_example,es,VERIFIABILITY:2;ATOMICITY:2;AMBIGUITY:1;COMPLETENESS:2;TRACEABLE:1,8,ok
El sistema debe permitir cálculo de fecha de vencimiento de radicados.,document_management,professor_example,es,VERIFIABILITY:2;ATOMICITY:2;AMBIGUITY:2;COMPLETENESS:2;TRACEABLE:1,9,ok
El sistema debe convertir automáticamente documentos radicados a PDF A.,document_management,professor_example,es,VERIFIABILITY:2;ATOMICITY:2;AMBIGUITY:2;COMPLETENESS:2;TRACEABLE:1,9,ok
El sistema debe permitir asignación de rutas de correspondencia y mensajería.,document_management,professor_example,es,VERIFIABILITY:1;ATOMICITY:2;AMBIGUITY:1;COMPLETENESS:1;TRACEABLE:1,6,defect
El sistema debe permitir generación de planillas de envío.,document_management,professor_example,es,VERIFIABILITY:2;ATOMICITY:2;AMBIGUITY:2;COMPLETENESS:1;TRACEABLE:1,8,ok
El sistema debe enviar notificaciones al correo del usuario que tramita un documento.,document_management,professor_example,es,VERIFIABILITY:1;ATOMICITY:2;AMBIGUITY:1;COMPLETENESS:1;TRACEABLE:1,6,defect
El sistema debe permitir personalización de rótulos de adhesivos de correspondencia.,document_management,professor_example,es,VERIFIABILITY:1;ATOMICITY:2;AMBIGUITY:1;COMPLETENESS:1;TRACEABLE:1,6,defect
The audit report shall include the total number of recycled parts used in the estimate.,logistics,kaggle,en,VERIFICABILITY:2;ATOMICITY:2;AMBIGUITY:1;COMPLETNESS:1;TRACEABLE:1,7,ok
The audit report shall include the number of available recycled parts from the original search results.,logistics,kaggle,en,VERIFICABILITY:2;ATOMICITY:2;AMBIGUITY:1;COMPLETNESS:1;TRACEABLE:1,7,ok
The audit report shall include the percentage of available recycled parts used in the estimate,logistics,kaggle,en,VERIFICABILITY:1;ATOMICITY:2;AMBIGUITY:1;COMPLETNESS:1;TRACEABLE:1,6,defect
The audit report shall include the total score of the audit which sums the indivual line items.,logistics,kaggle,en,VERIFICABILITY:2;ATOMICITY:2;AMBIGUITY:2;COMPLETNESS:1;TRACEABLE:1,8,ok
The audit report shall be displayed to the user.,logistics,kaggle,en,VERIFICABILITY:2;ATOMICITY:2;AMBIGUITY:1;COMPLETNESS:1;TRACEABLE:1,7,ok
The audit report shall be available to other adjusters at later points in time.,logistics,kaggle,en,VERIFICABILITY:1;ATOMICITY:2;AMBIGUITY:1;COMPLETNESS:1;TRACEABLE:1,6,defect
The user shall select to view the preferred repair facility ratings.,logistics,kaggle,en,VERIFICABILITY:2;ATOMICITY:2;AMBIGUITY:2;COMPLETNESS:1;TRACEABLE:1,8,ok
The current repair facility ratings shall be displayed to the user.,logistics,kaggle,en,VERIFICABILITY:2;ATOMICITY:2;AMBIGUITY:1;COMPLETNESS:1;TRACEABLE:1,7,ok
The system will display a blank set of ratings if there are not ratings yet defined.,logistics,kaggle,en,VERIFICABILITY:2;ATOMICITY:2;AMBIGUITY:2;COMPLETNESS:2;TRACEABLE:1,9,ok
The user shall enter new ratings based on the audit report,logistics,kaggle,en,VERIFICABILITY:2;ATOMICITY:2;AMBIGUITY:1;COMPLETNESS:1;TRACEABLE:1,7,ok
The ratings shall be from a scale of 1-10,logistics,kaggle,en,VERIFICABILITY:2;ATOMICITY:2;AMBIGUITY:2;COMPLETNESS:1;TRACEABLE:1,8,ok
The ratings shall include categories for attempted use of recycled parts and actual use of recycled parts,logistics,kaggle,en,VERIFICABILITY:2;ATOMICITY:2;AMBIGUITY:2;COMPLETNESS:1;TRACEABLE:1,8,ok
The user shall select to save the preferred repair facility ratings.,logistics,kaggle,en,VERIFICABILITY:2;ATOMICITY:2;AMBIGUITY:2;COMPLETNESS:1;TRACEABLE:1,8,ok
The preferred repair facility ratings shall be saved by the system.,logistics,kaggle,en,VERIFICABILITY:2;ATOMICITY:2;AMBIGUITY:2;COMPLETNESS:1;TRACEABLE:1,8,ok
The product shall record meeting entries.,booking_system,kaggle,en,VERIFICABILITY:2;ATOMICITY:2;AMBIGUITY:1;COMPLETNESS:1;TRACEABLE:1,7,ok
The product will notify employees of meeting invitations.,booking_system,kaggle,en,VERIFICABILITY:2;ATOMICITY:2;AMBIGUITY:1;COMPLETNESS:1;TRACEABLE:1,7,ok
The product shall have the ability to send meeting reminders to employees.,booking_system,kaggle,en,VERIFICABILITY:2;ATOMICITY:2;AMBIGUITY:1;COMPLETNESS:1;TRACEABLE:1,7,ok
The product shall assign the organizers contact information to each meeting they create.,booking_system,kaggle,en,VERIFICABILITY:2;ATOMICITY:2;AMBIGUITY:2;COMPLETNESS:2;TRACEABLE:1,9,ok
The product will record meeting acknowledgements.,booking_system,kaggle,en,VERIFICABILITY:2;ATOMICITY:2;AMBIGUITY:1;COMPLETNESS:1;TRACEABLE:1,7,ok
The product shall store new conference rooms.,booking_system,kaggle,en,VERIFICABILITY:2;ATOMICITY:2;AMBIGUITY:2;COMPLETNESS:1;TRACEABLE:1,8,ok
The product shall update existing conference rooms.,booking_system,kaggle,en,VERIFICABILITY:2;ATOMICITY:2;AMBIGUITY:2;COMPLETNESS:1;TRACEABLE:1,8,ok
The product will be able to delete conference rooms.,booking_system,kaggle,en,VERIFICABILITY:2;ATOMICITY:2;AMBIGUITY:2;COMPLETNESS:1;TRACEABLE:1,8,ok
The product shall be able to store new room equipment.,booking_system,kaggle,en,VERIFICABILITY:2;ATOMICITY:2;AMBIGUITY:2;COMPLETNESS:1;TRACEABLE:1,8,ok
The product will update existing room equipment.,booking_system,kaggle,en,VERIFICABILITY:2;ATOMICITY:2;AMBIGUITY:2;COMPLETNESS:1;TRACEABLE:1,8,ok
The product shall be able to delete room equipment.,booking_system,kaggle,en,VERIFICABILITY:2;ATOMICITY:2;AMBIGUITY:2;COMPLETNESS:1;TRACEABLE:1,8,ok
The product shall allow an organizer to invite other employees to meetings.,booking_system,kaggle,en,VERIFICABILITY:2;ATOMICITY:2;AMBIGUITY:2;COMPLETNESS:1;TRACEABLE:1,8,ok
Each time a conference room is reserved  the conference room schedule shall be updated to reflect the time and date of the reservation.,booking_system,kaggle,en,VERIFICABILITY:2;ATOMICITY:2;AMBIGUITY:2;COMPLETNESS:2;TRACEABLE:1,9,ok
The product shall record the transportation status of equipment reserved.,booking_system,kaggle,en,VERIFICABILITY:2;ATOMICITY:2;AMBIGUITY:1;COMPLETNESS:1;TRACEABLE:1,7,ok
The product shall display a map of the company building showing conference room locations.,booking_system,kaggle,en,VERIFICABILITY:2;ATOMICITY:2;AMBIGUITY:2;COMPLETNESS:1;TRACEABLE:1,8,ok
The product shall record updated meeting agendas.,booking_system,kaggle,en,VERIFICABILITY:2;ATOMICITY:2;AMBIGUITY:2;COMPLETNESS:1;TRACEABLE:1,8,ok
The product shall send a meeting confirmation to the meeting organizer.,booking_system,kaggle,en,VERIFICABILITY:2;ATOMICITY:2;AMBIGUITY:1;COMPLETNESS:1;TRACEABLE:1,7,ok
The product shall display room equipment according to search parameters.,booking_system,kaggle,en,VERIFICABILITY:2;ATOMICITY:2;AMBIGUITY:1;COMPLETNESS:1;TRACEABLE:1,7,ok
The product shall display conference rooms according to search parameters.,booking_system,kaggle,en,VERIFICABILITY:2;ATOMICITY:2;AMBIGUITY:1;COMPLETNESS:1;TRACEABLE:1,7,ok
The product shall record different meeting types.,booking_system,kaggle,en,VERIFICABILITY:2;ATOMICITY:2;AMBIGUITY:1;COMPLETNESS:1;TRACEABLE:1,7,ok
The product shall record all the equipment that has been reserved.,booking_system,kaggle,en,VERIFICABILITY:2;ATOMICITY:2;AMBIGUITY:2;COMPLETNESS:1;TRACEABLE:1,8,ok
The product shall notify building personnel of equipment transport requests.,booking_system,kaggle,en,VERIFICABILITY:2;ATOMICITY:2;AMBIGUITY:1;COMPLETNESS:1;TRACEABLE:1,7,ok
The product will allow priviledged users to view meeting schedules in multiple reporting views.,booking_system,kaggle,en,VERIFICABILITY:1;ATOMICITY:2;AMBIGUITY:1;COMPLETNESS:1;TRACEABLE:1,6,defect
The product shall be able to send meeting notifications via different kinds of end-user specified methods.,booking_system,kaggle,en,VERIFICABILITY:2;ATOMICITY:2;AMBIGUITY:1;COMPLETNESS:1;TRACEABLE:1,7,ok
The product shall have a customizable Look and Feel.,booking_system,kaggle,en,VERIFICABILITY:0;ATOMICITY:2;AMBIGUITY:0;COMPLETNESS:0;TRACEABLE:1,3,defect
The product shall have an intuitive user interface.,booking_system,kaggle,en,VERIFICABILITY:0;ATOMICITY:2;AMBIGUITY:0;COMPLETNESS:0;TRACEABLE:1,3,defect
The product will display an available status for unreserved conference rooms.,booking_system,kaggle,en,VERIFICABILITY:2;ATOMICITY:2;AMBIGUITY:2;COMPLETNESS:2;TRACEABLE:1,9,ok
The System shall allow generation of Inventory Quantity Adjustment documents on demand.,erp,kaggle,en,VERIFICABILITY:2;ATOMICITY:2;AMBIGUITY:1;COMPLETNESS:1;TRACEABLE:1,7,ok
The System shall allow on demand generation of all Inventory Quantity Adjustment documents since certain point of time.,erp,kaggle,en,VERIFICABILITY:1;ATOMICITY:2;AMBIGUITY:1;COMPLETNESS:1;TRACEABLE:1,6,defect
The IQA subsystem shall take into account current inventory status and adjust inventory of substitutionary ingredients accordingly.,erp,kaggle,en,VERIFICABILITY:1;ATOMICITY:1;AMBIGUITY:1;COMPLETNESS:1;TRACEABLE:1,5,defect
The System shall allow entering  storing and modifying product formulas.,erp,kaggle,en,VERIFICABILITY:2;ATOMICITY:1;AMBIGUITY:2;COMPLETNESS:1;TRACEABLE:1,7,ok
Product formulas shall allow use of semi-products  which have own formulas.,erp,kaggle,en,VERIFICABILITY:2;ATOMICITY:2;AMBIGUITY:2;COMPLETNESS:1;TRACEABLE:1,8,ok
Product formula ingredients shall allow defining substitutionary ingredients.,erp,kaggle,en,VERIFICABILITY:2;ATOMICITY:2;AMBIGUITY:2;COMPLETNESS:1;TRACEABLE:1,8,ok
Product formula substitutionary ingredients shall be entered automatically by the PFE subsystem.,erp,kaggle,en,VERIFICABILITY:2;ATOMICITY:2;AMBIGUITY:2;COMPLETNESS:1;TRACEABLE:1,8,ok
Formula substitutionary ingredients shall be kept in persisted order,erp,kaggle,en,VERIFICABILITY:2;ATOMICITY:2;AMBIGUITY:2;COMPLETNESS:1;TRACEABLE:1,8,ok
Product shall allow entering  storing and modifying product menus used by POS terminals.,erp,kaggle,en,VERIFICABILITY:2;ATOMICITY:1;AMBIGUITY:2;COMPLETNESS:1;TRACEABLE:1,7,ok
The system shall have a MDI form that allows for the viewing of the graph and the data table.,e-commerce,kaggle,en,VERIFICABILITY:2;ATOMICITY:1;AMBIGUITY:1;COMPLETNESS:1;TRACEABLE:2,7,ok
The system shall display Events in a vertical table by time.,common,kaggle,en,VERIFICABILITY:2;ATOMICITY:2;AMBIGUITY:1;COMPLETNESS:1;TRACEABLE:2,8,ok
The system shall display the Events in a graph by time.,common,kaggle,en,VERIFICABILITY:2;ATOMICITY:2;AMBIGUITY:1;COMPLETNESS:1;TRACEABLE:2,8,ok
The Disputes System must be accessible by both internal and external users.,common,kaggle,en,VERIFICABILITY:2;ATOMICITY:2;AMBIGUITY:0;COMPLETNESS:1;TRACEABLE:1,6,defect
The Disputes System must prevent users from accessing any dispute cases that do not belong to their cardholder base.,banking,kaggle,en,VERIFICABILITY:2;ATOMICITY:2;AMBIGUITY:2;COMPLETNESS:1;TRACEABLE:2,9,ok
The Disputes System will facilitate direct data entry of a dispute case via a user interface that supports real time responses to the users.,common,kaggle,en,VERIFICABILITY:1;ATOMICITY:0;AMBIGUITY:1;COMPLETNESS:1;TRACEABLE:2,5,defect
The Disputes System must provide different levels of access with regard to disputes case initiation and follow-up actions.,common,kaggle,en,VERIFICABILITY:1;ATOMICITY:1;AMBIGUITY:1;COMPLETNESS:1;TRACEABLE:2,6,defect
The Disputes System shall provide view access capability for authorized users of the application.,common,kaggle,en,VERIFICABILITY:2;ATOMICITY:2;AMBIGUITY:1;COMPLETNESS:1;TRACEABLE:2,8,ok
The Disputes System shall provide update access capability for authorized users of the application.,common,kaggle,en,VERIFICABILITY:2;ATOMICITY:2;AMBIGUITY:1;COMPLETNESS:1;TRACEABLE:2,8,ok
The Disputes System must allow the users to select disputable transactions (based on the age of the transaction) from a user interface and initiate a dispute (ticket retrieval request or chargeback notification) on the selected transaction.,banking,kaggle,en,VERIFICABILITY:2;ATOMICITY:0;AMBIGUITY:1;COMPLETNESS:1;TRACEABLE:2,6,defect
The Disputes System must provide the user the ability to initiate a single dispute case on multiple transactions that belong to a single merchant.,banking,kaggle,en,VERIFICABILITY:2;ATOMICITY:2;AMBIGUITY:1;COMPLETNESS:1;TRACEABLE:1,7,ok
"The Disputes System will provide the user the ability to create or initiate a ticket retrieval request.   As part of ticket retrieval creation process the system must prompt the user to enter all the required information to create the ticket retrieval request. 
 The ticket retrieval request is a document that is sent to merchant inquiring the validity of a transaction.",banking,kaggle,en,VERIFICABILITY:2;ATOMICITY:0;AMBIGUITY:1;COMPLETNESS:1;TRACEABLE:2,6,defect
The Disputes System must allow the user to create three unique types of ticket retrieval requests.  The three types of ticket retrieval requests are (1) Request for original receipt (2) Request for a copy of the receipt or (3) Request for a portfolio. A portfolio consists of documentation that would provide proof of a purchase such as the documentation that is received from a car rental agency that is more than a sales receipt.,banking,kaggle,en,VERIFICABILITY:2;ATOMICITY:2;AMBIGUITY:2;COMPLETNESS:1;TRACEABLE:1,8,ok
The Disputes System must prevent external users from requesting original receipts. Requests for original receipts are restricted to internal users.,banking,kaggle,en,VERIFICABILITY:2;ATOMICITY:2;AMBIGUITY:2;COMPLETNESS:1;TRACEABLE:1,8,ok
"The Disputes System shall allow the user to create or initiate a chargeback request.  The system must prompt the user to enter the required information to initiate a chargeback request. 
The chargeback request results in a printed chargeback notification that is sent to merchant indicating that their account will be charged back if no proof is provided that the disputed transaction is valid.",banking,kaggle,en,VERIFICABILITY:2;ATOMICITY:0;AMBIGUITY:2;COMPLETNESS:1;TRACEABLE:1,6,defect
The Disputes System must provide a confirmation to the user upon the creation of a chargeback request. The confirmation must contain the following information; the dispute case number  the type of chargeback requested (pending or immediate)  and the date that the merchant response is due.,banking,kaggle,en,VERIFICABILITY:2;ATOMICITY:2;AMBIGUITY:2;COMPLETNESS:1;TRACEABLE:1,8,ok
The Disputes System shall prevent the creation of duplicate dispute requests 100% of the time.,common,kaggle,en,VERIFICABILITY:1;ATOMICITY:2;AMBIGUITY:0;COMPLETNESS:1;TRACEABLE:1,5,defect
The Disputes System shall accurately provide a list of possible reason codes for a given transaction.  The list of possible reason codes must be derived based on the type of transaction and the industry that the merchant belongs to  according to the business rules defined for the Disputes System.,banking,kaggle,en,VERIFICABILITY:2;ATOMICITY:2;AMBIGUITY:2;COMPLETNESS:1;TRACEABLE:1,8,ok
The Disputes System must provide the ability to view existing dispute cases.,common,kaggle,en,VERIFICABILITY:2;ATOMICITY:2;AMBIGUITY:0;COMPLETNESS:0;TRACEABLE:1,5,defect
The Disputes System must provide Search functionality.  The search method must include the ability to search by (1) the dispute case number  (2) the merchant account number  (3) the cardmember account number and (4) the issuer number.  In addition to the above criteria  the search functionality must further allow the user to limit the results of the search by a date range  the type of dispute (ticket retrieval request or chargeback notification)  the case status (open  closed or all) and the dispute reason code.,banking,kaggle,en,VERIFICABILITY:2;ATOMICITY:0;AMBIGUITY:2;COMPLETNESS:2;TRACEABLE:1,7,ok
A list of all disputes cases that meet the entered search criteria must be provided to the user.  The list of cases must differentiate the type and/or status of the case by color -coding the line item in the list.  For example all open cases will be yellow and all closed cases will be gray.,common,kaggle,en,VERIFICABILITY:2;ATOMICITY:1;AMBIGUITY:1;COMPLETNESS:2;TRACEABLE:1,7,ok
The Disputes System shall provide the users the ability to view the history of all activities that have occurred on the dispute case.,common,kaggle,en,VERIFICABILITY:2;ATOMICITY:2;AMBIGUITY:1;COMPLETNESS:1;TRACEABLE:1,7,ok
The Dispute System shall provide the users with the ability to follow up on a dispute case via follow-up actions.  The list of available follow up actions for a given dispute case must be filtered by the status of the case and the access level of the user.,common,kaggle,en,VERIFICABILITY:2;ATOMICITY:1;AMBIGUITY:1;COMPLETNESS:1;TRACEABLE:1,6,defect
The Disputes System shall record the name of the user and the date for any activity that creates or modifies the disputes case in the system.  A detailed history of the actions taken on the case  including the date and the user that performed the action must be maintained for auditing purposes.,common,kaggle,en,VERIFICABILITY:2;ATOMICITY:1;AMBIGUITY:2;COMPLETNESS:1;TRACEABLE:1,7,ok
For any systematic (non-user initiated) action that occurs on a case such as the disputes aging process  a case activity will be generated.  Upon the next logon the user that initiated the dispute case must be notified that a systematic action has occurred on the dispute case.,common,kaggle,en,VERIFICABILITY:2;ATOMICITY:1;AMBIGUITY:1;COMPLETNESS:1;TRACEABLE:1,6,defect
All letter requests must be formatted according to guidelines specified by the Print Letter Utility system.,common,kaggle,en,VERIFICABILITY:0;ATOMICITY:2;AMBIGUITY:0;COMPLETNESS:1;TRACEABLE:1,4,defect
Any disputes cases that have been closed for over 6 months must be purged from the online disputes database.,common,kaggle,en,VERIFICABILITY:2;ATOMICITY:2;AMBIGUITY:2;COMPLETNESS:1;TRACEABLE:1,8,ok
The user shall search for the preferred repair facility using vehicle  vehicle location  and radius in miles,insurance,kaggle,en,VERIFICABILITY:2;ATOMICITY:2;AMBIGUITY:2;COMPLETNESS:1;TRACEABLE:1,8,ok
The vehicle data shall include vehicle year  make  and model,insurance,kaggle,en,VERIFICABILITY:2;ATOMICITY:2;AMBIGUITY:2;COMPLETNESS:1;TRACEABLE:1,8,ok
The vehicle location shall include street address  city  state  and zipcode,common,kaggle,en,VERIFICABILITY:2;ATOMICITY:2;AMBIGUITY:2;COMPLETNESS:1;TRACEABLE:1,8,ok
The system shall resolve the zipcode for the street address  city  and state if zipcode is unknown.,common,kaggle,en,VERIFICABILITY:2;ATOMICITY:2;AMBIGUITY:2;COMPLETNESS:1;TRACEABLE:1,8,ok
The search radius shall be between 1 and 30 miles,common,kaggle,en,VERIFICABILITY:2;ATOMICITY:2;AMBIGUITY:1;COMPLETNESS:1;TRACEABLE:0,6,defect
The system shall locate the preferred repair facility with the highest ratings for the input criteria,insurance,kaggle,en,VERIFICABILITY:1;ATOMICITY:2;AMBIGUITY:1;COMPLETNESS:1;TRACEABLE:1,6,defect
The adjuster shall enter the preferred repair facility on the estimate assignment.,insurance,kaggle,en,VERIFICABILITY:2;ATOMICITY:2;AMBIGUITY:0;COMPLETNESS:1;TRACEABLE:1,6,defect
The adjuster shall be able to override the preferred repair facitlity on the estimate assignment.,insurance,kaggle,en,VERIFICABILITY:2;ATOMICITY:2;AMBIGUITY:1;COMPLETNESS:1;TRACEABLE:1,7,ok
The preferred repair facility shall be returned to the user.,insurance,kaggle,en,VERIFICABILITY:1;ATOMICITY:2;AMBIGUITY:1;COMPLETNESS:1;TRACEABLE:1,6,defect
The system shall return a list of repair facilities within the radius if the preferred repair facility cannot be determined.,insurance,kaggle,en,VERIFICABILITY:2;ATOMICITY:2;AMBIGUITY:2;COMPLETNESS:1;TRACEABLE:1,8,ok
The estimator shall search for available recycled parts using damaged vehicle parts information.,insurance,kaggle,en,VERIFICABILITY:2;ATOMICITY:2;AMBIGUITY:1;COMPLETNESS:1;TRACEABLE:1,7,ok
The estimator shall search for available recycled parts using a list of preferred parts suppliers.,insurance,kaggle,en,VERIFICABILITY:2;ATOMICITY:2;AMBIGUITY:2;COMPLETNESS:1;TRACEABLE:1,8,ok
The system shall search for available recycled parts for the supplied vehicle parts and suppliers.,common,kaggle,en,VERIFICABILITY:2;ATOMICITY:2;AMBIGUITY:0;COMPLETNESS:1;TRACEABLE:1,6,defect
The estimator shall search by zipcode with a radius of 30 miles if no parts are found for the preferred parts suppliers,insurance,kaggle,en,VERIFICABILITY:2;ATOMICITY:2;AMBIGUITY:2;COMPLETNESS:1;TRACEABLE:1,8,ok
The system shall retain the available recycled parts and suppliers returned from the search.,common,kaggle,en,VERIFICABILITY:1;ATOMICITY:2;AMBIGUITY:1;COMPLETNESS:1;TRACEABLE:1,6,defect
The available recycled parts information and their suppliers shall be returned to the user.,common,kaggle,en,VERIFICABILITY:2;ATOMICITY:2;AMBIGUITY:0;COMPLETNESS:1;TRACEABLE:1,6,defect
The estimator shall apply selected recycled parts to the collision estimate.,insurance,kaggle,en,VERIFICABILITY:2;ATOMICITY:2;AMBIGUITY:1;COMPLETNESS:1;TRACEABLE:1,7,ok
The estimator shall not apply recycled parts to the collision estimate if no available parts are returned.,insurance,kaggle,en,VERIFICABILITY:2;ATOMICITY:2;AMBIGUITY:1;COMPLETNESS:1;TRACEABLE:1,7,ok
The adjuster shall review the collision estimate.,insurance,kaggle,en,VERIFICABILITY:0;ATOMICITY:2;AMBIGUITY:0;COMPLETNESS:0;TRACEABLE:1,3,defect
The adjuster shall request a recycled parts audit of the collision estimate.,insurance,kaggle,en,VERIFICABILITY:2;ATOMICITY:2;AMBIGUITY:1;COMPLETNESS:1;TRACEABLE:1,7,ok
The recycled parts search results provided to the estimator shall be retrieved by the system.,common,kaggle,en,VERIFICABILITY:1;ATOMICITY:2;AMBIGUITY:0;COMPLETNESS:1;TRACEABLE:1,5,defect
The system shall generate an audit report based on the available recycled parts and the collision estimate.,insurance,kaggle,en,VERIFICABILITY:2;ATOMICITY:2;AMBIGUITY:1;COMPLETNESS:1;TRACEABLE:1,7,ok
PME Subsystem shall allow building product menus based on the list of products kept in the accounting system.,e-commerce,kaggle,en,VERIFICABILITY:2;ATOMICITY:2;AMBIGUITY:1;COMPLETNESS:0;TRACEABLE:1,5,defect
PME Subsystem shall allow keeping submenus within menus and products within submenus in a managed and persisted order.,e-commerce,kaggle,en,VERIFICABILITY:2;ATOMICITY:2;AMBIGUITY:2;COMPLETNESS:1;TRACEABLE:1,8,ok
The RMS System shall have Windows XP look and feel and use GUI futures making its use intuitive.,common,kaggle,en,VERIFICABILITY:0;ATOMICITY:0;AMBIGUITY:0;COMPLETNESS:1;TRACEABLE:1,2,defect
The System shall generate Inventory Quantity Adjustment document based on product daily sales data and product formulas.,e-commerce,kaggle,en,VERIFICABILITY:2;ATOMICITY:2;AMBIGUITY:1;COMPLETNESS:1;TRACEABLE:1,7,ok
The System shall generate Inventory Quantity Adjustment document automatically when daily Product Sales data is available.,e-commerce,kaggle,en,VERIFICABILITY:2;ATOMICITY:2;AMBIGUITY:1;COMPLETNESS:1;TRACEABLE:1,7,ok
 The website will allow customers to search for movies by title  actor  or director.,streaming,kaggle,en,VERIFICABILITY:2;ATOMICITY:2;AMBIGUITY:2;COMPLETNESS:1;TRACEABLE:2,9,ok
 viewing a movie details  the website will display the movies description  actor  and director entered in by the administrator.,streaming,kaggle,en,VERIFICABILITY:2;ATOMICITY:1;AMBIGUITY:1;COMPLETNESS:1;TRACEABLE:2,7,ok
 Website shall request  and authorize credit card payment before allowing a user to stream a movie.,streaming,kaggle,en,VERIFICABILITY:2;ATOMICITY:0;AMBIGUITY:2;COMPLETNESS:1;TRACEABLE:2,7,ok
 shall be able to stream purchased movie via Windows Media Player  for up to 2 days aftere purchase date.,streaming,kaggle,en,VERIFICABILITY:2;ATOMICITY:1;AMBIGUITY:1;COMPLETNESS:1;TRACEABLE:2,7,ok
Website shall allow customers to view reviews of selected movies by other customers.,streaming,kaggle,en,VERIFICABILITY:2;ATOMICITY:2;AMBIGUITY:2;COMPLETNESS:1;TRACEABLE:2,9,ok
Website shall allow customers to add their own movie review for a selected movie.,streaming,kaggle,en,VERIFICABILITY:2;ATOMICITY:2;AMBIGUITY:1;COMPLETNESS:1;TRACEABLE:2,8,ok
Website shall allow the Izogn administrator to approve a review posted by a customer.,streaming,kaggle,en,VERIFICABILITY:2;ATOMICITY:2;AMBIGUITY:1;COMPLETNESS:1;TRACEABLE:2,8,ok
System will allow customers to pay for a streaming movie with a pre-paid card.,streaming,kaggle,en,VERIFICABILITY:2;ATOMICITY:2;AMBIGUITY:1;COMPLETNESS:1;TRACEABLE:2,8,ok
 Website shall allow customers to purchase pre-paid cards of $5  $10  or $20 value either by credit card or mail-in payment option.,streaming,kaggle,en,VERIFICABILITY:2;ATOMICITY:2;AMBIGUITY:1;COMPLETNESS:1;TRACEABLE:2,8,ok
 System shall automatically update the main page of the website every Friday  and show the 4 latest movies that have been added to the website.,streaming,kaggle,en,VERIFICABILITY:2;ATOMICITY:2;AMBIGUITY:2;COMPLETNESS:1;TRACEABLE:2,9,ok
System shall allow users to update their billing and contact information via the  My Account  section of the website.,streaming,kaggle,en,VERIFICABILITY:2;ATOMICITY:1;AMBIGUITY:1;COMPLETNESS:1;TRACEABLE:2,7,ok
 Pre-paid cards shall be distributed via email  or via a printed paper card.,streaming,kaggle,en,VERIFICABILITY:2;ATOMICITY:2;AMBIGUITY:1;COMPLETNESS:0;TRACEABLE:2,7,ok
Only registered customers can purchase streaming movies.,streaming,kaggle,en,VERIFICABILITY:2;ATOMICITY:2;AMBIGUITY:2;COMPLETNESS:1;TRACEABLE:2,9,ok
 Movies can only be streamed if the customer has purchased a movie  and is within the 2-day time period to stream the movie.,streaming,kaggle,en,VERIFICABILITY:2;ATOMICITY:2;AMBIGUITY:2;COMPLETNESS:1;TRACEABLE:2,9,ok
Website must be able to support free trial periods with various parameters set by the Izogn Manager.,streaming,kaggle,en,VERIFICABILITY:0;ATOMICITY:2;AMBIGUITY:0;COMPLETNESS:;TRACEABLE:1,3,defect
 All streaming movie sales will be logged in the database  and accessible by the administrator.,streaming,kaggle,en,VERIFICABILITY:2;ATOMICITY:2;AMBIGUITY:1;COMPLETNESS:0;TRACEABLE:1,6,defect
 All registered customer information shall be stored and maintained in the database  even after the customer cancels their account.,common,kaggle,en,VERIFICABILITY:2;ATOMICITY:2;AMBIGUITY:1;COMPLETNESS:1;TRACEABLE:1,7,ok
 Daily usage statistics should be logged  and accessible by the administrator.,common,kaggle,en,VERIFICABILITY:0;ATOMICITY:1;AMBIGUITY:1;COMPLETNESS:0;TRACEABLE:1,3,defect
The owner shall have free access to all of the streaming movies.,streaming,kaggle,en,VERIFICABILITY:2;ATOMICITY:2;AMBIGUITY:1;COMPLETNESS:1;TRACEABLE:2,8,ok
The vendor will verify the invalid lead.,common,kaggle,en,VERIFICABILITY:0;ATOMICITY:2;AMBIGUITY:0;COMPLETNESS:0;TRACEABLE:1,3,defect
Vendor will submit a credit validation record to be applied to the enterprise billing system.,banking,kaggle,en,VERIFICABILITY:1;ATOMICITY:2;AMBIGUITY:0;COMPLETNESS:0;TRACEABLE:1,4,defect
If a lead is scored to the high range the system will supply the lead data and score to the enterprise system.,crm,kaggle,en,VERIFICABILITY:1;ATOMICITY:2;AMBIGUITY:0;COMPLETNESS:0;TRACEABLE:1,4,defect
The leads washing functionality will validate all leads received by the web service for valid data,crm,kaggle,en,VERIFICABILITY:0;ATOMICITY:2;AMBIGUITY:0;COMPLETNESS:0;TRACEABLE:1,3,defect
The leads washing functionality will insert all leads captured by the web service.,crm,kaggle,en,VERIFICABILITY:1;ATOMICITY:2;AMBIGUITY:0;COMPLETNESS:0;TRACEABLE:1,4,defect
If the leads score falls within the high average score then it will be process by the ARA functionality.,crm,kaggle,en,VERIFICABILITY:0;ATOMICITY:2;AMBIGUITY:1;COMPLETNESS:0;TRACEABLE:1,4,defect
If the leads score falls within the medium average then it will be set for manual verification by an Enrollment Coordinator through the eleads system.,crm,kaggle,en,VERIFICABILITY:1;ATOMICITY:2;AMBIGUITY:0;COMPLETNESS:0;TRACEABLE:1,4,defect
If the leads score falls within the low average then it will be returned to the supplying vendor,crm,kaggle,en,VERIFICABILITY:1;ATOMICITY:2;AMBIGUITY:0;COMPLETNESS:0;TRACEABLE:1,4,defect
The leads washing functionality will compile both contact and academic scoring information for a total score.,crm,kaggle,en,VERIFICABILITY:1;ATOMICITY:1;AMBIGUITY:0;COMPLETNESS:0;TRACEABLE:1,3,defect
The leads washing functionality will use the parameters supplied by corporate and schools to score part of the lead.,crm,kaggle,en,VERIFICABILITY:0;ATOMICITY:2;AMBIGUITY:0;COMPLETNESS:0;TRACEABLE:1,3,defect
The leads washing functionality will return the lead data supplied to the vendor along with the reason of rejection.,crm,kaggle,en,VERIFICABILITY:2;ATOMICITY:1;AMBIGUITY:1;COMPLETNESS:1;TRACEABLE:2,7,ok
The leads washing functionality will have an interface in which lead data parameters can be maintained.,crm,kaggle,en,VERIFICABILITY:1;ATOMICITY:2;AMBIGUITY:0;COMPLETNESS:0;TRACEABLE:1,4,defect
The leads washing functionality will verify the users authentication and rights to make parameter updates.,crm,kaggle,en,VERIFICABILITY:1;ATOMICITY:1;AMBIGUITY:1;COMPLETNESS:0;TRACEABLE:1,4,defect
The leads washing functionality will store any potential lead duplicates returned by the enterprise system.,crm,kaggle,en,VERIFICABILITY:1;ATOMICITY:2;AMBIGUITY:1;COMPLETNESS:0;TRACEABLE:1,5,defect
Prior to submitting the lead to the enterprise system the leads washing functionality will assign the lead to an admissions rep.,crm,kaggle,en,VERIFICABILITY:1;ATOMICITY:2;AMBIGUITY:1;COMPLETNESS:0;TRACEABLE:2,6,defect
The leads washing functionality shall receive a period list of available reps from the enterprise system.,crm,kaggle,en,VERIFICABILITY:1;ATOMICITY:2;AMBIGUITY:1;COMPLETNESS:0;TRACEABLE:2,6,defect
The product shall maintain a list of players.,games,kaggle,en,VERIFICABILITY:1;ATOMICITY:2;AMBIGUITY:0;COMPLETNESS:0;TRACEABLE:0,3,defect
The product shall allow a user to identify himself or herself as a player.,games,kaggle,en,VERIFICABILITY:1;ATOMICITY:2;AMBIGUITY:0;COMPLETNESS:0;TRACEABLE:0,3,defect
 Once a game has been initiated  the product shall make the players assigned to the game unavailable for selection from the list of players.,games,kaggle,en,VERIFICABILITY:2;ATOMICITY:2;AMBIGUITY:2;COMPLETNESS:1;TRACEABLE:1,8,ok
The product shall allow a user to remove himself or herself from the list of players at any time.,games,kaggle,en,VERIFICABILITY:2;ATOMICITY:2;AMBIGUITY:1;COMPLETNESS:1;TRACEABLE:1,7,ok
The product shall make inactive players unavailable for selection from the list of players.,games,kaggle,en,VERIFICABILITY:1;ATOMICITY:2;AMBIGUITY:0;COMPLETNESS:1;TRACEABLE:1,5,defect
The product shall remove players who have been inactive for 24 hours from the list of players.,games,kaggle,en,VERIFICABILITY:2;ATOMICITY:2;AMBIGUITY:1;COMPLETNESS:1;TRACEABLE:2,8,ok
The product shall allow a player to initiate a game by selecting another available player from the list of players.,games,kaggle,en,VERIFICABILITY:2;ATOMICITY:2;AMBIGUITY:2;COMPLETNESS:1;TRACEABLE:2,9,ok
 Once a game is initiated  the product shall display a defensive grid to each player,games,kaggle,en,VERIFICABILITY:2;ATOMICITY:2;AMBIGUITY:1;COMPLETNESS:1;TRACEABLE:1,7,ok
 Once a game is initiated  the product shall display an offensive grid to each player.,games,kaggle,en,VERIFICABILITY:2;ATOMICITY:2;AMBIGUITY:1;COMPLETNESS:1;TRACEABLE:1,7,ok
The product shall prevent a player from viewing the offensive or defensive grids of the other player.,games,kaggle,en,VERIFICABILITY:2;ATOMICITY:2;AMBIGUITY:2;COMPLETNESS:1;TRACEABLE:2,9,ok
 Once a game is initiated  the product shall allow each player to position their 5 ships on their respective defensive grids.,games,kaggle,en,VERIFICABILITY:2;ATOMICITY:2;AMBIGUITY:1;COMPLETNESS:1;TRACEABLE:2,8,ok
The product shall allow a player to position ships horizontally on their grid.,games,kaggle,en,VERIFICABILITY:2;ATOMICITY:2;AMBIGUITY:2;COMPLETNESS:1;TRACEABLE:2,9,ok
The product shall allow the player to position ships vertically on their grid.,games,kaggle,en,VERIFICABILITY:2;ATOMICITY:2;AMBIGUITY:2;COMPLETNESS:1;TRACEABLE:2,9,ok
The product shall allow the player to position ships diagonally on their grid,games,kaggle,en,VERIFICABILITY:2;ATOMICITY:2;AMBIGUITY:1;COMPLETNESS:1;TRACEABLE:2,8,ok
The product shall prevent the player from overlapping ships on their grid.,games,kaggle,en,VERIFICABILITY:2;ATOMICITY:2;AMBIGUITY:2;COMPLETNESS:1;TRACEABLE:2,9,ok
 When both players have positioned their 5 ships on their defensive grids  the product shall define the status of each player for the first turn.,games,kaggle,en,VERIFICABILITY:0;ATOMICITY:2;AMBIGUITY:0;COMPLETNESS:1;TRACEABLE:1,4,defect
 For each turn  the product shall identify one player as offensive status and one player as defensive status.,games,kaggle,en,VERIFICABILITY:2;ATOMICITY:2;AMBIGUITY:2;COMPLETNESS:1;TRACEABLE:2,9,ok
 The product shall maintain the status of each player for a turn  either offensive or defensive.,games,kaggle,en,VERIFICABILITY:2;ATOMICITY:2;AMBIGUITY:2;COMPLETNESS:1;TRACEABLE:2,9,ok
 At the start of each turn  the product shall notify each player of his or her status.,games,kaggle,en,VERIFICABILITY:2;ATOMICITY:2;AMBIGUITY:1;COMPLETNESS:1;TRACEABLE:2,8,ok
 For each turn  the product shall allow the offensive player to define a shot.,games,kaggle,en,VERIFICABILITY:1;ATOMICITY:2;AMBIGUITY:0;COMPLETNESS:1;TRACEABLE:1,5,defect
 For each shot  the product shall examine the defensive grid of the defensive player to determine whether the shot was a hit or miss.,games,kaggle,en,VERIFICABILITY:2;ATOMICITY:2;AMBIGUITY:2;COMPLETNESS:1;TRACEABLE:2,9,ok
 For each shot  the product shall notify the players whether the shot was a hit or miss.,games,kaggle,en,VERIFICABILITY:2;ATOMICITY:2;AMBIGUITY:1;COMPLETNESS:1;TRACEABLE:2,8,ok
 For each shot  the product shall mark the shot as a hit or miss on the defensive grid of the defensive player.,games,kaggle,en,VERIFICABILITY:2;ATOMICITY:2;AMBIGUITY:1;COMPLETNESS:1;TRACEABLE:2,8,ok
 For each shot  the product shall mark the shot as a hit or miss on the offensive grid of the offensive player.,games,kaggle,en,VERIFICABILITY:2;ATOMICITY:2;AMBIGUITY:1;COMPLETNESS:1;TRACEABLE:2,8,ok
When the hit results in sinking a ship  the product shall notify the players that the ship was sunk.,games,kaggle,en,VERIFICABILITY:2;ATOMICITY:2;AMBIGUITY:1;COMPLETNESS:1;TRACEABLE:2,8,ok
When the hit results in sinking a ship  the product shall mark the ship as sunk on the defensive grid of the defensive player.,games,kaggle,en,VERIFICABILITY:2;ATOMICITY:2;AMBIGUITY:1;COMPLETNESS:1;TRACEABLE:2,8,ok
When the hit results in sinking a ship  the product shall indicate the type of ship sunk on the defensive grid of the defensive player.,games,kaggle,en,VERIFICABILITY:2;ATOMICITY:2;AMBIGUITY:1;COMPLETNESS:0;TRACEABLE:2,7,ok
When the hit results in sinking a ship  the product shall mark the ship as sunk on the offensive grid of the offensive player.,games,kaggle,en,VERIFICABILITY:2;ATOMICITY:2;AMBIGUITY:1;COMPLETNESS:1;TRACEABLE:2,8,ok
If the shot was marked as a hit  the product shall allow the offensive player to define a shot.,games,kaggle,en,VERIFICABILITY:2;ATOMICITY:2;AMBIGUITY:1;COMPLETNESS:1;TRACEABLE:2,8,ok
If the shot was marked as a miss  the product shall change the status of the offensive player to defensive,games,kaggle,en,VERIFICABILITY:2;ATOMICITY:2;AMBIGUITY:2;COMPLETNESS:1;TRACEABLE:2,9,ok
If the shot was marked as a miss  the product shall change the status of the defensive player to offensive,games,kaggle,en,VERIFICABILITY:2;ATOMICITY:2;AMBIGUITY:2;COMPLETNESS:1;TRACEABLE:2,9,ok
The product shall continue to assign turns until the game is ended.,games,kaggle,en,VERIFICABILITY:2;ATOMICITY:2;AMBIGUITY:1;COMPLETNESS:1;TRACEABLE:2,8,ok
The product shall end a game when a hit by the offensive player results in sinking the last of the defensive player s ships  which had not been previously marked as sunk.,games,kaggle,en,VERIFICABILITY:2;ATOMICITY:2;AMBIGUITY:2;COMPLETNESS:1;TRACEABLE:2,9,ok
The product shall allow a player to end a game at any time during the game.,games,kaggle,en,VERIFICABILITY:2;ATOMICITY:2;AMBIGUITY:1;COMPLETNESS:1;TRACEABLE:2,8,ok
When a game is ended  the product shall notify the players that the game is ended.,games,kaggle,en,VERIFICABILITY:2;ATOMICITY:2;AMBIGUITY:1;COMPLETNESS:0;TRACEABLE:2,7,ok
The notification of the game ending will include the reason the game is ended (i.e.  a player has won the game or a player has ended the game).,games,kaggle,en,VERIFICABILITY:2;ATOMICITY:2;AMBIGUITY:2;COMPLETNESS:1;TRACEABLE:2,9,ok
When a game is ended  the product shall allow each player to identify himself or herself as an available player in the list of players.,games,kaggle,en,VERIFICABILITY:2;ATOMICITY:2;AMBIGUITY:1;COMPLETNESS:1;TRACEABLE:2,8,ok
When a game is ended  the product shall allow each player to remove himself or herself from the list of players.,games,kaggle,en,VERIFICABILITY:2;ATOMICITY:2;AMBIGUITY:2;COMPLETNESS:1;TRACEABLE:2,9,ok
The system shall allow a real estate agent to query MLS information,e-commerce,kaggle,en,VERIFICABILITY:1;ATOMICITY:2;AMBIGUITY:0;COMPLETNESS:0;TRACEABLE:1,4,defect
The user shall be able to get driving directions to a selected property,e-commerce,kaggle,en,VERIFICABILITY:2;ATOMICITY:2;AMBIGUITY:1;COMPLETNESS:1;TRACEABLE:2,8,ok
The user shall be able to download appointments and contact information for clients,crm,kaggle,en,VERIFICABILITY:1;ATOMICITY:1;AMBIGUITY:1;COMPLETNESS:0;TRACEABLE:1,4,defect
The system shall display clear property images in the search results,e-commerce,kaggle,en,VERIFICABILITY:0;ATOMICITY:2;AMBIGUITY:0;COMPLETNESS:0;TRACEABLE:1,3,defect
The system shall be able to call the seller or buyer to schedule an appointment,crm,kaggle,en,VERIFICABILITY:1;ATOMICITY:1;AMBIGUITY:0;COMPLETNESS:0;TRACEABLE:1,3,defect
The realtor shall be notified of new client appointments after automatic synchronization with office system,crm,kaggle,en,VERIFICABILITY:1;ATOMICITY:1;AMBIGUITY:0;COMPLETNESS:0;TRACEABLE:1,3,defect
The realtor shall be able to retrieve a map showing property locations for a specified area,e-commerce,kaggle,en,VERIFICABILITY:2;ATOMICITY:2;AMBIGUITY:1;COMPLETNESS:1;TRACEABLE:2,8,ok
The system shall notify the realtor when a seller or buyer responds to an appointment request,crm,kaggle,en,VERIFICABILITY:2;ATOMICITY:2;AMBIGUITY:1;COMPLETNESS:1;TRACEABLE:2,8,ok
The product shall allow the user to save the property search results.,e-commerce,kaggle,en,VERIFICABILITY:2;ATOMICITY:2;AMBIGUITY:1;COMPLETNESS:1;TRACEABLE:1,7,ok
A cohort shall be associated to one Program of Study offered by the department.,academic,kaggle,en,VERIFICABILITY:2;ATOMICITY:2;AMBIGUITY:2;COMPLETNESS:1;TRACEABLE:2,9,ok
Program Administrators and Nursing Staff Members shall be able to add a listing of students to a cohort.,academic,kaggle,en,VERIFICABILITY:2;ATOMICITY:2;AMBIGUITY:1;COMPLETNESS:1;TRACEABLE:2,8,ok
Program Administrators and Nursing Staff Members shall be able to add a single student to a cohort,academic,kaggle,en,VERIFICABILITY:2;ATOMICITY:2;AMBIGUITY:2;COMPLETNESS:1;TRACEABLE:2,9,ok
Students added to a cohort shall be eligible for the cohort s Program of Study.,academic,kaggle,en,VERIFICABILITY:1;ATOMICITY:2;AMBIGUITY:1;COMPLETNESS:0;TRACEABLE:2,6,defect
Program Administrators and Nursing Staff Members shall be able to specify the preferred sequence of classes for a given cohort.,academic,kaggle,en,VERIFICABILITY:2;ATOMICITY:2;AMBIGUITY:1;COMPLETNESS:1;TRACEABLE:2,8,ok
 For each class within a sequence for a cohort  Program Administrators and Nursing Staff Members shall be able to specify which quarter that class will be offered.,academic,kaggle,en,VERIFICABILITY:2;ATOMICITY:2;AMBIGUITY:2;COMPLETNESS:1;TRACEABLE:2,9,ok
Program Administrators and Nursing Staff Members shall be able to add new classes to a sequence of classes,academic,kaggle,en,VERIFICABILITY:2;ATOMICITY:2;AMBIGUITY:1;COMPLETNESS:1;TRACEABLE:2,8,ok
The system shall display data from the Sync Matrix 1.0 and Exercise Management Tool 1.0 applications,common,kaggle,en,VERIFICABILITY:1;ATOMICITY:1;AMBIGUITY:0;COMPLETNESS:0;TRACEABLE:1,3,defect
The system shall link Events back to either the Sync Matrix 1.0 or the Exercise Managment Tool 1.0 applications for modifications.,common,kaggle,en,VERIFICABILITY:1;ATOMICITY:1;AMBIGUITY:0;COMPLETNESS:0;TRACEABLE:1,3,defect
The system shall allow modification of the display.,common,kaggle,en,VERIFICABILITY:0;ATOMICITY:2;AMBIGUITY:0;COMPLETNESS:0;TRACEABLE:0,2,defect
The system shall offer a display of all the Events in the exercise.,common,kaggle,en,VERIFICABILITY:1;ATOMICITY:2;AMBIGUITY:0;COMPLETNESS:0;TRACEABLE:1,4,defect
The system shall allow a user to define the time segments,common,kaggle,en,VERIFICABILITY:0;ATOMICITY:2;AMBIGUITY:0;COMPLETNESS:0;TRACEABLE:0,2,defect
The system shall display the local and exercise time in separate clocks,common,kaggle,en,VERIFICABILITY:2;ATOMICITY:2;AMBIGUITY:1;COMPLETNESS:1;TRACEABLE:1,7,ok
The system shall offer the ability to pause and resume the refresh of data.,common,kaggle,en,VERIFICABILITY:2;ATOMICITY:2;AMBIGUITY:1;COMPLETNESS:1;TRACEABLE:1,7,ok
The system shall provide charts for the Activity or Event actual versus assumed time.,common,kaggle,en,VERIFICABILITY:1;ATOMICITY:2;AMBIGUITY:1;COMPLETNESS:1;TRACEABLE:1,6,defect
The system will use the stored e-mail addresses as a primary means of communicating information to affected parties.,common,kaggle,en,VERIFICABILITY:1;ATOMICITY:2;AMBIGUITY:1;COMPLETNESS:1;TRACEABLE:1,6,defect
 The system will notify affected parties for routine communication purposes  including but not limited to informing students of upcoming offered classes (timeline) and what their schedule will be/shall be.,academic,kaggle,en,VERIFICABILITY:1;ATOMICITY:2;AMBIGUITY:1;COMPLETNESS:1;TRACEABLE:1,6,defect
 The system will notify affected parties when changes occur affecting clinicals  including but not limited to clinical section capacity changes  and clinical section cancellations.,academic,kaggle,en,VERIFICABILITY:1;ATOMICITY:2;AMBIGUITY:0;COMPLETNESS:0;TRACEABLE:1,4,defect
 The system will notify affected parties when changes occur affecting classes  including but not limited to class cancellations  class section detail changes  and changes to class offerings for a given quarter.,academic,kaggle,en,VERIFICABILITY:1;ATOMICITY:2;AMBIGUITY:1;COMPLETNESS:0;TRACEABLE:1,5,defect
All users should be able to go back to the product category page via the back button in the top corner.,e-commerce,kaggle,en,VERIFICABILITY:2;ATOMICITY:2;AMBIGUITY:1;COMPLETNESS:1;TRACEABLE:2,8,ok
A user can select the desired product from the results and proceed to the product details.,e-commerce,kaggle,en,VERIFICABILITY:2;ATOMICITY:2;AMBIGUITY:1;COMPLETNESS:1;TRACEABLE:2,8,ok
Once the icon is selected two open text field will be available to the user to search for the product name - by product ID/SKU or by keyword.,e-commerce,kaggle,en,VERIFICABILITY:2;ATOMICITY:2;AMBIGUITY:1;COMPLETNESS:1;TRACEABLE:2,8,ok
All Users will be able to view the next product by swiping left to right .,e-commerce,kaggle,en,VERIFICABILITY:2;ATOMICITY:2;AMBIGUITY:1;COMPLETNESS:1;TRACEABLE:2,8,ok
All users should be able to search by keyword or product ID.,e-commerce,kaggle,en,VERIFICABILITY:2;ATOMICITY:2;AMBIGUITY:2;COMPLETNESS:1;TRACEABLE:2,9,ok
